"variables","sum_sq","df","f_value","pr_f","pr_chisq"
"Pheno",7.40063616145618,2,23.0970305859625,6.79943935060044e-10,0
"Treatment",3.21613454717758,1,20.0748034044994,1.15709248281798e-05,0
"Mow",3.82877844587883,3,7.9662892884726,4.40037572782171e-05,0
"Pheno:Treatment",2.10382191577538,2,6.56592731705392,0.00167626708533603,0
"Pheno:Mow",14.2062731116273,6,14.7790323882656,2.40277086439794e-14,0
"Treatment:Mow",0.0413457426695203,3,0.0860253868454232,0.967638749398133,0.97
"Pheno:Treatment:Mow",0.559168386945395,6,0.581712574172355,0.744776933236308,0.74
"Residuals",38.1293906996222,238,NA,NA,NA
